Hash,Message,Hashes of Parents,Is a merge commit,List of modified files
8800fe9252802753643a0e48de52c9d8d12f52f6,Port to OSX and other fixes,['76745998505624f470a87799a9a73cc4d9627c5f'],No,"['examples/plot_memory.py', 'memory_profiler.py']"
c953ca4a9df3a3321166803752608b70e2f2632a,FIX: display last statement,['8af133fea446421398a575faa8ec1b73e70fc632'],No,['memory_profiler.py']
ec9ee7032b01cf9350628a57f9c5111a48093366,Fix typos in README and make a new release,['992bb0a8c911e1e35b51f319d132fee6bc2a35c0'],No,"['README.rst', 'memory_profiler.py']"
4214cfc13d033c43044eb4c9293258609fc6934f,FIX: README.rst was not included in source distribution,['ea5d79bd10b52b61ad28ac06d7c40fdae2dbc05d'],No,"['MANIFEST', 'memory_profiler.py']"
303cab8df4b2274c5086cde80fc53ab49e5e80f4,Explicit error for non-Unix,['7a9ec119e190866b5c61a8c810a2155774d05572'],No,['memory_profiler.py']
ffe1fd28d66fca10b0f4aa0fd412e2ef496a0fbc,FIX: line display,['303cab8df4b2274c5086cde80fc53ab49e5e80f4'],No,['memory_profiler.py']
da9817994b29e5f7a0c204236a401908d1318c70,Fixed windows support,['75ca170cd5b5bc62508c4da6a9dd44457fd203dc'],No,['memory_profiler.py']
5fc0ecb048233d5ee751e74a67bb18e5fe85c868,Use -l -v by default,['697bed0a9516721a2f06e6dea09123b7e0b2c8c5'],No,"['README.rst', 'memory_profiler.py']"
a60ed7245a14aee34f430268754186bb6c15b488,-l -v are now on by default,['ddd3033e4b9ec58dae49d3c7914e9d60a898442c'],No,['README.rst']
b7e2cddeca38ab506bcef1a8260ceccce9496838,Fix UserWarning that occurs in Python 3,['23f6bf680f017eaecb947f0fe4d85b3c67b91f48'],No,['memory_profiler.py']
7d006a5c0cb2224052b19192db6287bb09b28f55,"Convert str of unicode chars to str of bytes  This fixes:   ...   File ""memory_profiler.py"", line 31, in _get_memory     stdout=subprocess.PIPE).communicate()[0].split('\n') TypeError: Type str doesn't support the buffer API",['b7e2cddeca38ab506bcef1a8260ceccce9496838'],No,['memory_profiler.py']
570a8863ba08801a55369224a22ef83ccf1a995b,Merge pull request #4 from octavo/master  Fix Python3 Support,"['f2a308a6b5c8a7eb2dfb99f62bd1c34fb5acccd2', '2e298df0fe544ca4a3e470d64156cf21e61c1409']",Yes,[]
e236aa8684e1dac8a175393754d851ef500fadf6,Remove debugging trace.,['374ddd202030d1dc1260e6bb5902cec37b02b330'],No,['memory_profiler.py']
c05a8a78ccde397b3807adc0b2c9a1c61410ba9b,FIX: exit gratefully from empty measurements  And added example,['21a8343ae9c7d69ceb765e3cbdd78347b0826c67'],No,"['examples/example_loop.py', 'memory_profiler.py']"
9be69790c6ed77c2550f13adc2700ec1d35418d1,FIX issue #8,['c05a8a78ccde397b3807adc0b2c9a1c61410ba9b'],No,['memory_profiler.py']
124d113eb8331703a15bd542feee0413eac1baf7,FIX: second try at issue #8.  not perfect but makes more sense than previous solution.,['605fb322fabdd01cc2c7c0594a1ec508d873d29c'],No,"['.idea/dictionaries/fabian.xml', 'memory_profiler.py', 'test/__init__.py', 'test/test_loop.py']"
bfe4fc3f8a893c03abcef2b7730ddf7ed7a31c6f,FIX: sys.argv on executed scripts.  fixes issue #10,['1bf6a15af1c22a881fe5b4b17e27ee17f379d341'],No,['memory_profiler.py']
ad3042b32a917eb435a1bc5f594797b31deb0ee6,Better debugging when filename is not found.,['40b034c359e00e904df1c7441bf9de4affe4ee8e'],No,['memory_profiler.py']
5887e96c69615bba60008db19b70a04c2db46efe,"PEP8, typo fixes",['0091f03887ac881c4c73981d7b72e893d6f4122c'],No,['memory_profiler.py']
9b1cd1ad73a2b6d98f315a474d3f76e9dea376c0,FIX: forgot print statements,['249ffe7863be84e343f806297cb52a6fc967b6ee'],No,['memory_profiler.py']
43a83a60b32d53f5069463b89a13add4ccd83b67,FIX: issue #16,['dc64a7c5fb631b5c3fd420f71a0ae2197bce9ddc'],No,['memory_profiler.py']
1106b74fa9b74c278a06f2ec8cee0c578ed25e3b,FIX: Python3 support (issue #14),['43a83a60b32d53f5069463b89a13add4ccd83b67'],No,['memory_profiler.py']
1bcd779aa0744b543ae80d9c867eff7dc924d328,"Default to 1 loop in memit, add meaningful warning for functions without files in %mprun",['f93840f8961da6e9fccfb5d307bf513618d74cda'],No,['memory_profiler.py']
2866dfd757d08611b03c196cb6b21203d80dfa81,Add memory-based debugging  Conflicts:  	memory_profiler.py,['b8a12bcd4e98112dfed88db21a29c33f0f183bb9'],No,['memory_profiler.py']
7c70c16e9448f81c22d2878e0f7c3ad358ecb0c2,Some more Python3 fixes,['5075c0d39acb7bea6982679687c61146cf6b59ef'],No,['memory_profiler.py']
26d6227bfc244ae89a2c43194866b7aa3314f75c,Fix typo in README.,['2a26da8bce4b2c72b5da3b1be263be63ffebf2d2'],No,['README.rst']
8685498c9950b74fb8c4ed1b066479f49a820c57,Fix spelling mistake.,['26d6227bfc244ae89a2c43194866b7aa3314f75c'],No,['README.rst']
4dfcb5fba8b388f40872098dada2a2e9606962c6,Merge pull request #19 from stefanv/readme  Fix typo in README.,"['2a26da8bce4b2c72b5da3b1be263be63ffebf2d2', '8685498c9950b74fb8c4ed1b066479f49a820c57']",Yes,[]
2cb64e573fcb6f80a9c875f298d080338c000f18,Merge pull request #22 from ogrisel/patch-1  IPython casing style in title,"['4dfcb5fba8b388f40872098dada2a2e9606962c6', '55763dd886b0be4cbf11a75eff46482f05adbf43']",Yes,[]
523b4ba864729a2b81163a7c8b08a049a08e7c5a,Fix interger division error,['2cb64e573fcb6f80a9c875f298d080338c000f18'],No,['memory_profiler.py']
64b0a5dc43c3992b891d97e3345c8ef174a2c1aa,FIX --pdb-mmem,['523b4ba864729a2b81163a7c8b08a049a08e7c5a'],No,"['memory_profiler.py', 'test/test_with.py']"
3be7c092629c07b8c1af07c422970daacc2345e9,FIX memory_usage() with no arguments (fixes issue #23),['64b0a5dc43c3992b891d97e3345c8ef174a2c1aa'],No,['memory_profiler.py']
a8dc01d6c48494c78999707fb0c47800f3cdb5df,Ignore unrecognized args.  Fix by @amcnabb. Fixes issue #27,['014f6f8139a992e07aa56508aa149e71c61b86b5'],No,['memory_profiler.py']
adfc6fd3a036d52707703dde8b1b1ab469a8caa7,BUG: iterate over ints,['5e6e3e13ba626adfbc12a0cd53b6ef41a325e88a'],No,['memory_profiler.py']
79bb1aa5b2d8e67ab16e47e536c3bf1affa5e641,FIX: for keyword arguments,['adfc6fd3a036d52707703dde8b1b1ab469a8caa7'],No,['memory_profiler.py']
a3fafb82452ce154ee939d07ddd26028fee821bd,FIX previous commit,['79bb1aa5b2d8e67ab16e47e536c3bf1affa5e641'],No,['memory_profiler.py']
3c43406486ce1c5d0421cd077dde1c28269dd049,IPython error message is fixed,['2d6da9361dce29a53301ff6020018f04f2c99373'],No,['memory_profiler.py']
aa128e8113ecc725694ba2e5f9d4116f726b1bbc,"bikeshedding (style fixes):  - PEP8 spaces for inline comments; - more meaningful variable names instead of `a,b=Pipe()` (taken from Python docs); - don't shadow builtins 'dict' and 'dir' with local variables; - remove unneeded indentation; - use 'with' for opening files",['3c43406486ce1c5d0421cd077dde1c28269dd049'],No,['memory_profiler.py']
8cfb871e1c55d32c00fecd9aee55ee8580e129e7,Merge pull request #37 from kmike/small-fixes  Small fixes,"['625497bd80c604bf8288d7d77b9625d2b82a3b7a', 'aa128e8113ecc725694ba2e5f9d4116f726b1bbc']",Yes,[]
727a015381e1de331b83ee34ee6ec387d810827b,FIX #36,['8cfb871e1c55d32c00fecd9aee55ee8580e129e7'],No,['memory_profiler.py']
7293915b784caf1b06758166fa6b336de5a92948,Added explanatory messages to mplot.  Improvement of error handling in mplot:Â a clear message is printed whether pylab is not found or no input file are automatically detected.,['b639130fe911b046e5cffdb9f199e504a7982b79'],No,['mplot']
38bbd30895d1633a57d06afba8f18f2dfb436824,Fix docstring of memit and repeat function calling  Thanks Mikhail Korobov for submitting the report.,['cce3c576426cd0fb2fa1620c16bda92cce555bb0'],No,['memory_profiler.py']
dc0c8aa60b5960d240b0dcea270efa1e5a314a2c,FIX: if the called script creates a global 'options'  Patch by mennucc1@debian.org,['278ae40c8a3beab0e92512bfdb07311033978f68'],No,['memory_profiler.py']
07c7c988958428e4f2d3640d10f681dae880f5ed,FIX: PID for ps,['18b5afb651e026de7e0754c931800391dc72c193'],No,['memory_profiler.py']
31a3eae45eed3eae49a7c5b0aec9686da60ee76e,"Added ""list"" command to maction  And fixed a bad bug in maction (""rm"" wasn't working anymore).",['6be0021673351d7a6687850056dfbbe9e705e49e'],No,['maction']
fd8a891ce4e59dae8177408c983c18fee90ad7ca,No memory_profiler args is transmitted  Invoked script used to received the memory_profiler options in sys.argv in addition of their own. This is completely fixed now.,['92a30905d37ff88a5d959a7d0afc216b0471eb62'],No,['memory_profiler.py']
1971740d19dde3be64bd1d3af7753b642bfbb42b,Merge pull request #50 from pgervais/sys_argv_fix  No memory_profiler args is transmitted,"['92a30905d37ff88a5d959a7d0afc216b0471eb62', 'fd8a891ce4e59dae8177408c983c18fee90ad7ca']",Yes,[]
673f477fda944cb66e9ae557b6a59d61da97aab6,Minor changes  Fixed stupid copy-paste error in external process part of memory_usage()  Add ret to docstring of memory_usage()  Signed-off-by: cheesinglee <cheesinglee@gmail.com>,['a05c9c132cc1debffb64fd606ce7fe8a5faf1420'],No,['memory_profiler.py']
13e1192dfcc5d26d0c447a97a62d988d8ba791f6,Fix for issue #52  module resource seems to give wrong measurements on some cases.,['825f11296efbfed98ba7a812849edb18199ddc7d'],No,['memory_profiler.py']
9e79e9293fa7eab9223f8535e040bb02206d3810,BUG: make it work on OSX 10.8,['9bfd761d3ea9929716d94fa055edcad8d196b0c0'],No,['memory_profiler.py']
6fed905b88f819d7b197a0cfff00b494619f62b7,STY: pep8 and related fixes,['9e79e9293fa7eab9223f8535e040bb02206d3810'],No,['memory_profiler.py']
f2b2550bdaa24b174c6101f819e0dac6ab4654b5,Merge pull request #53 from dengemann/pep8_fixes  STY: pep8 and related fixes,"['9e79e9293fa7eab9223f8535e040bb02206d3810', '6fed905b88f819d7b197a0cfff00b494619f62b7']",Yes,[]
d851f99d144cb0bb64948c213fe12c6453a55c49,Fixed parameters handling on 'mprof plot',['f2b2550bdaa24b174c6101f819e0dac6ab4654b5'],No,['mprof']
02f33b17f5f1863fb8d7311cf72b577df34e880c,Merge pull request #54 from pgervais/parameter_fix  Fixed parameters handling on 'mprof plot',"['f2b2550bdaa24b174c6101f819e0dac6ab4654b5', 'd851f99d144cb0bb64948c213fe12c6453a55c49']",Yes,[]
5752f3e1b522a00e88cf13f1651054a18eb818dd,"Updated some information, fixed a typo.",['8d4d71859fbf46c3016570151f7ed6fbd112a3ab'],No,['README.rst']
adca2ed6ec160a3f35a00a9465b689158d742ca8,FIX: shebang line,['318694d32e4d1a748388e39cbab465024df87b64'],No,['mprof']
b4bbce73c438f9e343b228c9bcd45703ce15fac0,"Proper handling of empty profile files  When interrupting ""mprof run"", an empty file can be generated, which caused problem with ""mprof plot"". A clear error message is now displayed to the user.",['78d4ef9f288d0f2be02059fd286e307cc9da7f61'],No,['mprof']
9eba5ee676ee01d8384638c69e2c129c835f6ace,Plot all memory usage information  Memory usage when entering and leaving a function is now included with the other measurements. This fixes some discrepancies between brackets and curves when sampling frequency was low.  Add an option to prevent displaying of timestamps in plots (mprof plot -n),['1e791ca55310f24e0565f421f024ec93c27ac3db'],No,['mprof']
7ab61c046b290971f81e5f83e21caf3fe0f67780,[BUG] Fixed some bugs left by merging  And a bug preventing memory_usage() to be used with stream=None.,['d3bf1cdb645eb5478bae28cfdd0f924b8d1f58e6'],No,"['memory_profiler.py', 'mprof']"
d2223b73de6e8e98da640bcf7907a11ec1d6be1b,"fixed issue 7 ""ignores last line"" also better solution for issue 8 ""strange behavior for growing dictionaries/tuples"" - trace_memory_usage() inside the loops no longer create list objects - trace_memory_usage() currently saves first line of the function - fixed line number count in show_results()",['0174ffdf2226ea85ebba11b6f770d1e7659e6945'],No,['memory_profiler.py']
51adf6bf86b5a63aabca29b538c1822f754db63e,FIX: errors reported by flake8 (pyflakes + pep8),['7db71ebee09e2b10d6f7143fca05248d2020b7a8'],No,['memory_profiler.py']
c09c04a18e29479615ad937b47c3620bf07f5133,Merge pull request #60 from ogrisel/flake8  FIX: errors reported by flake8 (pyflakes + pep8),"['7db71ebee09e2b10d6f7143fca05248d2020b7a8', '51adf6bf86b5a63aabca29b538c1822f754db63e']",Yes,[]
317a93ac3de7589592e6dac8e09154195b2e47d9,fix typo in stdout template,['369f940a34dcb148cccb8799c6741bb450229236'],No,['memory_profiler.py']
6bbda1e23705d0889469e35e4286c897027e3cd7,Merge pull request #62 from iandyh/master  fix typo in stdout template,"['369f940a34dcb148cccb8799c6741bb450229236', '317a93ac3de7589592e6dac8e09154195b2e47d9']",Yes,[]
9f91aa03aaf45d73ee32586a054a5f0044fae7ef,FIX: make it possible to call memory_usage on functions with anonymous args,['4b1d470323ad9963757d05f3801b7933c55aa119'],No,"['Makefile', 'memory_profiler.py', 'test/test_import.py', 'test/test_memory_usage.py']"
34e7f9b9aac5acb612f12a6d32c9cfacf38df777,Merge pull request #65 from ogrisel/memory-usage-anonymous-args  FIX: make it possible to call memory_usage on functions with anonymous args,"['4b1d470323ad9963757d05f3801b7933c55aa119', '9f91aa03aaf45d73ee32586a054a5f0044fae7ef']",Yes,[]
6de83c296a9d7ca2d6c55aee19a4285674fd8dd1,"FIX: Change `itervalues`, `iteritems` to `values`, `items` to work on both Python 2 and Python 3..",['34e7f9b9aac5acb612f12a6d32c9cfacf38df777'],No,"['memory_profiler.py', 'mprof']"
1e911e3dff9efd9c1822e7695024a3af2dc80726,"Merge pull request #67 from ZhanruiLiang/master  FIX: Change `itervalues`, `iteritems` to `values`, `items` to work on bo...","['34e7f9b9aac5acb612f12a6d32c9cfacf38df777', '6de83c296a9d7ca2d6c55aee19a4285674fd8dd1']",Yes,[]
f6924d68df5b05bd3f31d5c02c62c032d7e97b86,Add include_children parameter when creating MemTimer object for external processes. Fix #69,['1e911e3dff9efd9c1822e7695024a3af2dc80726'],No,['memory_profiler.py']
364c3ef9e22acc0391d93fcc59c7ba24583a2cd7,Merge pull request #80 from peter1000/patch-1  remove double import warnings,"['2e38041201d3653e562a751cc2926658e1c3c33d', 'b59c898928bf709febd21ca3ab6a58f62ddc4a04']",Yes,[]
bda8664d404044742544936d9a223cf9520e6982,"Merge pull request #81 from peter1000/patch-1  Inconsistent indentation: previous line used spaces, this line uses tabs","['364c3ef9e22acc0391d93fcc59c7ba24583a2cd7', '58df1969abff7df427a6922112e10bfd4caec54c']",Yes,[]
1f9f63aedb233c74ed8a0f98756b1fb8052f31fd,FIX: bad test for the detection of the -c flag,['ba8ada6c94ca0ebac7366a43c3ac2211f20206ad'],No,['memory_profiler.py']
f1b961525eddc11c001300844519bf92872dfe6a,Merge pull request #72 from ianozsvald/mplot_legend_fix  Mplot legend fix,"['bda8664d404044742544936d9a223cf9520e6982', 'e3bc89a70d44ad1733d0037ac1e33dbe3d4fa60c']",Yes,[]
9aea3ecf7bd84258a27f4750f0ef82f5b2cabff0,Merge pull request #85 from peter1000/patch-1  added SpeedIT to: Projects using memory_profiler,"['b0b4a3caa5f738b80899381411e8d93ac83c0928', '186799b23eb2a49623ee8dadbf9d13f68205f08a']",Yes,[]
829c379a22313be9ddfa2e2dd1624e513787f38a,FIX: new ref link update  FIX: new ref link update,['2a8e81bf271392327301825e551fc4114a2d5857'],No,['README.rst']
4da80112472c1eea5a90d86059220027e08f90fd,Merge pull request #87 from peter1000/patch-1  FIX: new ref link update,"['2a8e81bf271392327301825e551fc4114a2d5857', '829c379a22313be9ddfa2e2dd1624e513787f38a']",Yes,[]
42f683fb3155dfd96edd5ee1ffc80c384715a235,Merge pull request #93 from shyba/fix/help-messages  Fix/help messages,"['6694c530d1d60a9e00cda8578fb98c3056937016', '05e9714eac18a6d9d8c581391cd5604360331b70']",Yes,[]
9b0d6e04a7e57ea2a5afc8719576946729bad140,Merge pull request #99 from nvdv/bugfix  Check arguments before logging in run_action.,"['29c5f4bd38eaade075e5b0587dbfbaed1db0452d', '16ffef7b23ac720d45b0bb6be14bf1732cf75c44']",Yes,[]
0e53367d24128ed4960c0f8210e8d046303c2a9d,Fix for issue #101,['fe77c9b92ed439b05d34a69ff5d8b096e5827dfc'],No,['memory_profiler.py']
d8bffbf2376cf74d4c752e3c53b3eb33e867203f,Merge pull request #102 from pbowyer/patch-1  Warn about memory_profiler/mprof interplay,"['0e53367d24128ed4960c0f8210e8d046303c2a9d', '18dccd18565763459ecb49434db81c9bf8b5fab3']",Yes,[]
fdab5be7fe335f834b60f7beee1632f72a96eb4c,fix for plots cut out of figure,['0e53367d24128ed4960c0f8210e8d046303c2a9d'],No,"['examples/numpy_example.py', 'memory_profiler.py', 'mprof']"
909017dea183338da8d72ad2cc2a6f266015cf07,FIX __func__ attribute under Python 3,['219e9b92aaa1e9775e0ede8f89f543d83ce3b7ac'],No,['memory_profiler.py']
1af4784db76fd44095fa9a1d2a04c24955301347,"Fix ""NameError: name 'OptionValueError' is not defined""",['beca98e4dc206fdc6acdedc35f645bd02d918110'],No,['mprof']
fdf9ef3ab33bb8b57857979a91571728376fa762,temporary fix for #106,['23d8a23665af56e77fb0903e8818dd46f51f5b36'],No,['memory_profiler.py']
2bd93b6494e80525f06fdbb278ebedc720f9765e,Merge pull request #109 from florentx/patch-1  Bogus computation of memory for process children,"['d3c57424665cb2304f40d469f9e73fc3b9c76257', '7aad92e4b6254c49cc298ac25a426616c47febc0']",Yes,[]
cc2f4f194188fda358f3487b06f0840fbf68471a,Test issue #42,['372b290a0ab8217d1780ae7624d486debd4e190a'],No,['test/test_gen.py']
b2b936c2200b49482ce87faaadca966d8828df8e,"FIX: unicode in python3, function does not exist",['c7442affea9325fd646a65be9bf313216a9127de'],No,['memory_profiler.py']
cc593b316c7b61b4d37ae81282fa6898b59d5879,FIX test,['6bb856bfddcc63dcec302b6f8145dadc04279af5'],No,['test/test_unicode.py']
5db8084a3d88868632a6d1d0abed665782c103ce,FIX: fix issue #113 reported by @reza1615,['cc593b316c7b61b4d37ae81282fa6898b59d5879'],No,"['memory_profiler.py', 'test/test_unicode.py']"
f836d57d50b416af9fd124c4acecf9a57f8b9ea6,FIX: unicode for Python3,['5db8084a3d88868632a6d1d0abed665782c103ce'],No,['memory_profiler.py']
9e83dfc23236306c0279190fd97ed59135bebece,FIX little fix for Python 3.3-,['86acef852c15e071ddbda5e4619c1de220fcb0a7'],No,['memory_profiler.py']
30a1617b636e9ae470705d433f76a34094716521,FIX added a workaround for ``OrderedDict.move_to_end``,['9e83dfc23236306c0279190fd97ed59135bebece'],No,['memory_profiler.py']
d0c8a3943ffeee25d96b7d65e158fe405728ba4c,FIX added a choosing backend in memory_usage function,['30a1617b636e9ae470705d433f76a34094716521'],No,['memory_profiler.py']
361c75133663bbf31a40d00f5614916fc5bde1a2,FIX choosing backend in ``profile`` decorator fixed,['d0c8a3943ffeee25d96b7d65e158fe405728ba4c'],No,['memory_profiler.py']
e0b37a5336ca9b22978d7d4966cf8bd5c5bddb99,FIX line length according to PEP8,['fc44641d566e58f3274421eb6a1c10718dd67e64'],No,"['memory_profiler.py', 'test/test_tracemalloc.py']"
4565b8f559f931473f495e96130250da418a3179,FIX global variable _backend_choosen removed,['e0b37a5336ca9b22978d7d4966cf8bd5c5bddb99'],No,['memory_profiler.py']
636b3448d272b2b66a509ae16ad210471bd87f58,FIX string format changed to support Python 2,['4565b8f559f931473f495e96130250da418a3179'],No,['memory_profiler.py']
4a268812c97ce2b550d38b7812fc6eabec16a858,FIX ``_backend_chosen`` variable deleted from everywhere,['636b3448d272b2b66a509ae16ad210471bd87f58'],No,['memory_profiler.py']
eba604c1ab7dec31dd561329b79efa7fd45fbeda,FIX TODO's removed,['4a268812c97ce2b550d38b7812fc6eabec16a858'],No,['memory_profiler.py']
946aa5e006916fb752b3060dbc83b68790e0762b,FIX OrderedDict changed to list in ``choose_backend`` function,['eba604c1ab7dec31dd561329b79efa7fd45fbeda'],No,['memory_profiler.py']
62b8560a48f0cee39c231bdb1126c70c3a9fef92,ValueError was too much. Use warning instead.,['03411e9a5e77452df1eda2091101c76958bcf0da'],No,['memory_profiler.py']
036bd76bcb721fdddec0a8f780bef86c07180547,bug fixes,['ac3ab35cc81de8c7c8307d61521cfd983e3d833c'],No,['memory_profiler.py']
386a0bfd0f4532d887b800bce928e559c30137c9,Bug fixes,['925a587c1f86fdde3ceb8887fe23792c9350f9e9'],No,['memory_profiler.py']
5a92a5f7ae7d90d7bd561ce5e66d7bde81855d03,bug fixes,['386a0bfd0f4532d887b800bce928e559c30137c9'],No,['memory_profiler.py']
237492a61ec5a302f64d63cdf70ccb4ed9d0d354,More user friendly error message  This is helpful as if tkinter is not installed the ImportError is caught here and although the user has installed matplotlib the error message says matplotlib is needed. So this small change fixes this.,['ac1193c43efcde3d403e4cf037d2eae7ff398ba6'],No,['mprof']
e0ca6031136b3a5ab9cbb964eda184f61ed9bc57,Merge pull request #120 from Thalmann/master  More user friendly error message,"['ac1193c43efcde3d403e4cf037d2eae7ff398ba6', '4e8089d577683d9db94b3d2da70b8554b613eef9']",Yes,[]
861f53116529d32d0f669e3eec9686e3a519c0c4,Better error message for mprof run  thanks to @anntzer for reporting!,['271e17399f4978715edd956d4ff6d2525c83439b'],No,['mprof']
fe3027f4099de7e69053b5b6729d660b3059c431,"Fix 1 typo in the comments of function mem_usage  Very helpful program, thanks!",['861f53116529d32d0f669e3eec9686e3a519c0c4'],No,['memory_profiler.py']
a6d4ea45d7a21f30c6adb37985792b06394ca25a,Merge pull request #126 from tarvos21/master  Fix 1 typo in the comments of function mem_usage,"['861f53116529d32d0f669e3eec9686e3a519c0c4', 'fe3027f4099de7e69053b5b6729d660b3059c431']",Yes,[]
a9e5a026a1c5a588ce0c51101af966980b9e3311,Fix for issue #71,['a6d4ea45d7a21f30c6adb37985792b06394ca25a'],No,['memory_profiler.py']
4fe1d5725fbc01d32ce0bfb1781b449fef7b6049,Fix issue #131,['a9e5a026a1c5a588ce0c51101af966980b9e3311'],No,['memory_profiler.py']
1c38945944749e7005e09db6eb90d245c117f818,Catch the right exception for issue #71,['d38c3c59cee8d899ce2b414e277afa293d6b57cd'],No,['memory_profiler.py']
099c5c88f1731e971094d7a0da6b02103ab8e479,fixed image,['f1cee23af020607ff0c76f23db7f902752dd8d6a'],No,['README.rst']
fe430ffdfab6f755eebd5b386f9628e4a3c78618,FIX: run without the python keyword,['8a81c2218e96235527feb2cc733867d31f1d7c1e'],No,['mprof']
dd33068184dedebc58fcf8f9f19230d9a66f8acf,Fix idx out of range  Mod operator precedes add,['ddc8f9c7da01b62ce365dc155e295006fb060765'],No,['mprof']
7675442697233fccc01ec4dc4634d8ffff34ae3f,Merge pull request #142 from skinnyh/skinnyh-patch-1  Fix idx out of range,"['ddc8f9c7da01b62ce365dc155e295006fb060765', 'dd33068184dedebc58fcf8f9f19230d9a66f8acf']",Yes,[]
5005a6244bf29b9bfb1255682d19a98c1f409443,"BF: Capture return value of `choose_backend`  Without this fix, I get `NameError: name '_backend' is not defined` when calling `exec_with_profiler` directly",['962ae2a5a2fb97dcd10d47be072887ce13abbced'],No,['memory_profiler.py']
598784833285195ac1a45356aa7ce9705b5219ad,Merge pull request #147 from arokem/patch-1  BF: Capture return value of `choose_backend`,"['962ae2a5a2fb97dcd10d47be072887ce13abbced', '5005a6244bf29b9bfb1255682d19a98c1f409443']",Yes,[]
5f3906a987db109db9d73767996b89f40ba32619,https://github.com/fabianp/memory_profiler/issues/152,['1eff08e9150429ee07efe475d9d8790b9db02377'],No,['memory_profiler.py']
2cd53678065bf81ab018503f046054d746f9a8a2,Python 3 SyntaxError for print,['fde9234d01d4edc124d14bb561ac21049096ee3c'],No,['memory_profiler.py']
176743215545c2384e8a6e29b64a0b1dd21d1543,Fix typo in readme,['2b4a86b6d05e29d9b4659d5e23dea33ef73b4a43'],No,['README.rst']
e2a97b936de6c4c8473c74cdd800c7271435934e,Merge pull request #160 from ajyoon/patch-1  Fix typo in readme,"['2b4a86b6d05e29d9b4659d5e23dea33ef73b4a43', '176743215545c2384e8a6e29b64a0b1dd21d1543']",Yes,[]
a3c4b58ca3f9a18559f7ef6fea1651c72f06ef1c,"WIP: Make psutil required  Now the import does not work, needs fixing.",['e2a97b936de6c4c8473c74cdd800c7271435934e'],No,"['README.rst', 'memory_profiler.py', 'setup.py']"
ea376e5d04e83c508df1206b14b118ccfb1023ff,Fix optional Python versions in Travis config,['29702172bbea29b34e94743d2d44a2f9ba2ef63c'],No,['.travis.yml']
c5d2527d83db18e9fcc78d7ff6a53019072ef43b,More robust tracking of subprocesses for macOS.  Ignore psutil.AccessDenied when trying to access children - root cause is discussed in Issue 71.,['371fe944f88fc54bbc8f2631dbce7992030f21e1'],No,['memory_profiler.py']
ba586d1d48b2d78663999c8c0b7dfa992b818152,Fix SIGKILL not available in Windows,['6988f4974dbf4044df89d76138e8a1b212afa377'],No,['memory_profiler.py']
a563dd0f4d752aebce7a6637e664a813e46df08c,Fix mprof command not working in Windows  Adds mprof.bat to python scripts so the mprof command can be executed,['ba586d1d48b2d78663999c8c0b7dfa992b818152'],No,"['mprof.bat', 'setup.py']"
480ba0d6d8fd85e9c2962f3a44282e9873f2bce1,Merge pull request #172 from bernizt/master  Fix missing SIGKILL signal and mprof command in Windows,"['6988f4974dbf4044df89d76138e8a1b212afa377', 'a563dd0f4d752aebce7a6637e664a813e46df08c']",Yes,[]
2c7ed3124638fd89acd82e7331351fa09ab27e03,Merge pull request #174 from bernizt/fix-broken-dist  Fix missing mprof.bat inside tar distribution,"['2e355a6854b444b9ff9deb8a05db00ae56bd9b2a', '7e02ef4ea8a6138297f1c08d26f10dc98cd6f4b5']",Yes,[]
6478e660a908503b963f0e1ae7dca1f7440e43fb,FIX: solve issue #181,['8a9b1b7a6781c4bd3dd69433763ca4db1bbf1add'],No,['mprof']
76e271f6f9c73c7580b1e2fabfcb14c661b271d6,Fix typo,['901fa682eff42a2ae6e023adcc768f521623f9b5'],No,['README.rst']
51062935126916da3bb36923224dc71182f55f85,Merge pull request #183 from chen2aaron/patch-1  Fix typo,"['901fa682eff42a2ae6e023adcc768f521623f9b5', '76e271f6f9c73c7580b1e2fabfcb14c661b271d6']",Yes,[]
ca55ac79d581e5988210d6e6087588810a1c1512,Allow passing args to profiled script or module  Also attempted to clarify usage Made to address https://github.com/pythonprofilers/memory_profiler/issues/179,['51062935126916da3bb36923224dc71182f55f85'],No,"['memory_profiler.py', 'mprof']"
7b920986cb361d0f852a0a6a6962080daa07ac89,Fix UnicodeDecocdError when profile result writing to filestream,['51062935126916da3bb36923224dc71182f55f85'],No,"['memory_profiler.py', 'test/test_stream_unicode.py']"
429e5bbb2470c05077430fec6f155cce46cada05,"Fix typo in PID clause of memory_usage  It looks like the PID multiprocess code was copied from the Popen clause. `_get_child_memory` called with just `proc`, not `proc.pid`",['306acd1cf4a6136bea262939c1c4bc0c0e2af3a1'],No,['memory_profiler.py']
d320c1d934a726fad108a36c76c18e98f39f25ba,Merge pull request #190 from guyer/fix_pid_usage  Fix typo in PID clause of memory_usage,"['306acd1cf4a6136bea262939c1c4bc0c0e2af3a1', '429e5bbb2470c05077430fec6f155cce46cada05']",Yes,[]
3a5a36cfbe49405d40e1b4dfccf73c2218e87b04,Fix default filename  Also move comment on output into option help,['ce947e1f88434ac248b82c47eda6607c433fa25a'],No,['mprof']
0b6e2bf0264bb845c65c8e8238760df8876a570d,Merge pull request #191 from guyer/fix_default_output  Fix default filename,"['ce947e1f88434ac248b82c47eda6607c433fa25a', '3a5a36cfbe49405d40e1b4dfccf73c2218e87b04']",Yes,[]
95300297e2023f6a3f50f9b016516699a1a95dc9,"Merge pull request #198 from spacether/master  Adds wraps decorator to profile, fixes issue #186","['0b6e2bf0264bb845c65c8e8238760df8876a570d', '0cecc6900083a9c8bbf0036f47e4ffdd07aa9343']",Yes,[]
64c8199213012c8b145508f15c2f105d58201a65,Make memory_profiler work with Python 2.7 tracemalloc  The tracemalloc module can be made to work on Python 2.7 with [the project providing patches against the Pyithon 2.7 source code](http://pytracemalloc.readthedocs.io/install.html#manual-installation). These two changes make `memory_profiler.py` work with tracemalloc on Python 2.,['95300297e2023f6a3f50f9b016516699a1a95dc9'],No,['memory_profiler.py']
4089e3ed4d5c4197925a2df8393d4cbfca745ae5,Merge pull request #201 from mjpieters/patch-1  Make memory_profiler work with Python 2.7 tracemalloc,"['95300297e2023f6a3f50f9b016516699a1a95dc9', '8e5e27bfd777d512f8b952d63598c6c89b639d66']",Yes,[]
5fe38da926738a7715c860053a498859e2db0c87,"Fixes #195 ""large negative increment values""  This should fix #195. Increment should reflect the largest increment with respect to the previous line, which is not what the previous code was doing. If run in a for loop, for some reason it was accumulating the increments.  I also disabled a test that was assuming that the increment of a function that deletes its temporaries need to be zero, which given the above should not be its behaviour.",['f8220c3873ac2791d58bf9557dce618ad75ee270'],No,"['memory_profiler.py', 'test/test_tracemalloc.py']"
f8f5fa3502c0449c60aaa713ea24c8c6733b280f,fix name qualifier,['6a00eb7f45efe0e7b64038c65391902b10c74195'],No,['setup.py']
e37acbd9c31d67a967ea61ec1acae31ea7d472f7,fixed link,['3978bb6dd226c7b8995fd9cd0481d19e24a24c50'],No,['README.rst']
957ff4e3b66da5b7d7472c232738419f3ca8a9bf,"Merge pull request #202 from fabianp/fix_195  Fixes #195 ""large negative increment values""","['4eca794cf55e0e45dc7b2db7f1be67e3fe9ef9b7', '5fe38da926738a7715c860053a498859e2db0c87']",Yes,[]
959d9fc10f210c90f77dea80e8a42d39a291c613,Merge pull request #214 from jeffwidman/patch-1  Stop recommending `easy_install`,"['957ff4e3b66da5b7d7472c232738419f3ca8a9bf', 'c12eab35e84b8f66f99a6058dd2a569be681ac5b']",Yes,[]
19165e76a4da2bfe819d1f606ef0f3f468f3ab40,Fix typo,['4b06b89cd1d7e0afb19490c7678a589c70e88ceb'],No,['mprof.py']
c5f79b82aa2ab6b905b30c4295e68315078320fd,Merge branch 'master' into stream-unicode-bugfix,"['7b920986cb361d0f852a0a6a6962080daa07ac89', '8194a59de2460f1501782b8df735bb58e3eb8e60']",Yes,[]
c0911004a761252dbf683328dc5fb3b214fb5248,fix max_iter calc when float is given,['8194a59de2460f1501782b8df735bb58e3eb8e60'],No,['memory_profiler.py']
cedd23862c37a138d395445ace04f436a7c97f59,Merge pull request #222 from perminovs/fix-float-round  fix max_iter calc when float is given,"['8194a59de2460f1501782b8df735bb58e3eb8e60', 'c0911004a761252dbf683328dc5fb3b214fb5248']",Yes,[]
93371d6d4d9ea5f70522a807dac27f2633d0717c,Merge pull request #185 from amyangfei/stream-unicode-bugfix  Fix UnicodeDecocdError when profile result writing to filestream,"['cedd23862c37a138d395445ace04f436a7c97f59', 'c5f79b82aa2ab6b905b30c4295e68315078320fd']",Yes,[]
d077d1ea0866b8808847c6797093cf4ca5b54647,Removed debug,['1f3d7bd43d93d5e0686c4d800ae0212db284c81d'],No,['mprof.py']
e3fc5eeca800ae9aba3bb373c2d045a5c4767cb9,Merge pull request #230 from Ricocotam/master  Fixing #196,"['2c77549ed70c8cdbfa5d602376c8ada26704ba70', '6b5589840ce7479961d857d4e7c80143ec29fdf7']",Yes,[]
68812af610b769d434dc0c46be3e6d6e3a400fec,BUG: Set ioff to avoid immediate close,['e3fc5eeca800ae9aba3bb373c2d045a5c4767cb9'],No,['mprof.py']
3b5e7f2c276961764419d28df8035f63e9622361,FIX: Order of subselection,['e3fc5eeca800ae9aba3bb373c2d045a5c4767cb9'],No,['memory_profiler.py']
36eade473f52573e71900bf40b0abaf96aeec1a2,Merge pull request #233 from larsoner/order  FIX: Order of subselection,"['e3fc5eeca800ae9aba3bb373c2d045a5c4767cb9', '3b5e7f2c276961764419d28df8035f63e9622361']",Yes,[]
8b01378de1b7f46c610b23a538422dc5a47fdfc1,Merge pull request #231 from larsoner/ioff  BUG: Set ioff to avoid immediate close,"['3886eea08e2bd191e012a971dc947828573f27fb', '68812af610b769d434dc0c46be3e6d6e3a400fec']",Yes,[]
0e4d0eaef27898f852ca0ca57746f49a106f84e0,Merge pull request #254 from graingert/patch-1  link from PyPI to github,"['f10af516da31180e1df9692f00ca2345acab581e', '2dcb23ea33fe853d72bad9f2db8debac625e9b09']",Yes,[]
11353651f285c5e06475f097692003872d092548,Pass the value of --include-children to TimeStamper  This fixes an issue with FUNC lines reporting lower memory usage than MEM lines.,['1a853e5b1342788fdd6ab55cfe6c568e3b307349'],No,"['memory_profiler.py', 'mprof.py']"
76a433544c758a4ce92c08494d95e9d890da6314,Fix setup package lookup,['d17b6fcf9d9a96ca08ae880fdbe68c7c0fbf8aa1'],No,['setup.py']
1648c6b8423fd3efba86101fc721d4128f06d9ec,Fix async test filename,['1ee8e036d1f0eebd1077d952985bbe77baa42e0c'],No,['Makefile']
6bb02fcc09c3fc7a765f658ec9142550bd993110,Fix memit to handle change in memory_usage API  Hotfix for #258,['1a853e5b1342788fdd6ab55cfe6c568e3b307349'],No,['memory_profiler.py']
adef4f1827b14c87226d29eb5076f3a72553b977,Merge pull request #265 from jnothman/patch-1  Fix memit to handle change in memory_usage API,"['1a853e5b1342788fdd6ab55cfe6c568e3b307349', '6bb02fcc09c3fc7a765f658ec9142550bd993110']",Yes,[]
781ac8078083410b462aa165f6ea538180b3b000,fix #249 decrement not displayed,['8a8a40252cccc09dc469445596742dc6b47ed6e3'],No,"['README.rst', 'memory_profiler.py', 'test/test_increment_display.py']"
895c4ac7a08020d66ae001e24067da6dcea42451,Merge pull request #280 from Babarberousse/fix_readme_example  Fix readme example,"['8a8a40252cccc09dc469445596742dc6b47ed6e3', '781ac8078083410b462aa165f6ea538180b3b000']",Yes,[]
aab7597f578385cdf853e119b6870374df22bcfc,attach to existing process by pid or name  + added action attach (alias for run --attach) + run --attach uses program name as hint pid/name to find what to profile + default attach profiling is 1 hour + new process as before - infinite,['68f29500ad8ced9450f88f7379284824c2ba970b'],No,['mprof.py']
5c1f75d7c90a2d982ce66a3d91d5ddf72965e434,MAINT: Resolve (#127)  add specific encoding UTF-8 for resolving UnicodeDecodeError at memory_profiler.py,['4d789da14ae683ebd9d6e702a15ba3d178ec1945'],No,['memory_profiler.py']
bd6da910f791cef725640fa207fb4ee433c93586,Merge pull request #297 from NicholasWon47/master  MAINT: Resolve (#127),"['4d789da14ae683ebd9d6e702a15ba3d178ec1945', '5c1f75d7c90a2d982ce66a3d91d5ddf72965e434']",Yes,[]
26c18bf7cccbf7baa07c0cabc224898efc0896a8,FIX: use wraps in profile,['bd6da910f791cef725640fa207fb4ee433c93586'],No,['memory_profiler.py']
4a0f9de3645b1069346821c801ec0734958cef22,"fix: silence SyntaxWarning in py39  /mprof.py:77: SyntaxWarning: ""is"" with a literal. Did you mean ""==""?",['04fc1a75723aa7058ea2b91005f0f7ffea9ed21e'],No,['mprof.py']
a192388605584d9e6917d48f5ba3da917d1981ff,fix: handle child processes,['4a0f9de3645b1069346821c801ec0734958cef22'],No,['mprof.py']
13405c51c5c757f52498d360950c1927ffce3bea,fix: return result from wrapped coroutine function,['f9497b930156bb69942c47d58ad9f5f0273abd61'],No,"['memory_profiler.py', 'test/test_async.py']"
e43d78bf6d58d5f32c1f4f4ace5b371805351eee,Merge pull request #307 from d-ryzhikov/coroutine-return-value  fix: return result from wrapped coroutine function,"['f9497b930156bb69942c47d58ad9f5f0273abd61', '13405c51c5c757f52498d360950c1927ffce3bea']",Yes,[]
5a1582d36e36003f732c187452140e889e536cc6,Clarify error message,['06363d74e66e058506dcc9d85ccbf5ae6615f744'],No,['memory_profiler.py']
b9513a0514fdc0ff3d251de7d79f42afb4f61474,Fix comments,['5a1582d36e36003f732c187452140e889e536cc6'],No,['memory_profiler.py']
1bacd2d626eac3e515511d8674dcc8b3d073e257,Fix typo,['2dd16949ca546130ee6775bb233948c106797cbc'],No,['README.rst']
df4304fa09d6a5edf8dbb8346ca9c27f2fd78457,fixed write bug,['730171a79ddcd9e5fd200c60ac2ebea6271eaade'],No,['memory_profiler.py']
88f0aae4488328dc6d4f4750f48e35927dafb09b,Merge pull request #314 from vijay120/bug_fix/printing  Fixed write bug,"['3ac2559fc6baffcfa37cc54407091f1134787a93', 'df4304fa09d6a5edf8dbb8346ca9c27f2fd78457']",Yes,[]
ece5cb1b3be41c756336fad1432e5ab5f44ea193,Fixed typo: s/occurences/occurrences/g,['88f0aae4488328dc6d4f4750f48e35927dafb09b'],No,"['README.rst', 'memory_profiler.py']"
89e279ae5ad50b6e5cee07aed0746d1421b0a811,Merge pull request #319 from WoLpH/master  Fixed typo: s/occurences/occurrences/g,"['88f0aae4488328dc6d4f4750f48e35927dafb09b', 'ece5cb1b3be41c756336fad1432e5ab5f44ea193']",Yes,[]
4fbd12495a9618be6734cc6bd035018bc8d8715b,Merge pull request #331 from dancergraham/patch-1  Update README.rst,"['0d21b8d7501de4ca55df5151f9c9f4fe7a5b71b6', '76a7c40bcb02d593ce7744328b4fafbb615830b9']",Yes,[]
02663cbd7dedf11184bc6267a1cd6f04631109b6,add default backend,['a24ad12b4fd811c76abc9f092a58dd314b47801c'],No,['mprof.py']
d7e5486c459fc7ba7d69139afb3ac36d8f653615,%memit: fix repeats for short-living statements  Based on the comment by leguyader: https://github.com/pythonprofilers/memory_profiler/issues/212#issuecomment-782054915  Fixes #212,['70615bc2dca8850091499fd3fe7040849fa2c741'],No,['memory_profiler.py']
7f5975cabb926250b13dce7bdd1e7e0daf77f1e6,Fix UnicodeDecodeError during installation,['70615bc2dca8850091499fd3fe7040849fa2c741'],No,"['README.rst', 'memory_profiler.py']"
ef57de46a1c7570bb184fe7d99253c02ddd01527,Merge pull request #340 from henryfung3a27/master  Fix UnicodeDecodeError during installation,"['70615bc2dca8850091499fd3fe7040849fa2c741', '7f5975cabb926250b13dce7bdd1e7e0daf77f1e6']",Yes,[]
fd23719157079815883f76c3bb56c97699a23afd,Merge pull request #336 from vthriller/master  %memit: fix repeats for short-living statements,"['94423cb6d42294170fa53d68d42f5038c8375bb9', 'd7e5486c459fc7ba7d69139afb3ac36d8f653615']",Yes,[]
d1bd8098d950497ff70b2fc616be73ca4329ec31,Merge pull request #357 from gkkeys/patch-1  Update README.rst,"['3ac004082c9aa0e00b6721c9f06fc007619ab997', '30cd548291b56ced57386088d725a44df130f88e']",Yes,[]
e3c36833f555c762f4ceec245a33f645f36b93a9,Merge pull request #358 from iainelder/patch-1  Add Quick Start to README,"['0ac5a2f8c7d5cfe50eada189acf6858b34850976', '45291539108358045b6f2422252856115c531949']",Yes,[]
b4d070a00fdc9916461c1608f281cccd025e69f0,Fix typos: Relevant arguments,['e3c36833f555c762f4ceec245a33f645f36b93a9'],No,['memory_profiler.py']
32b695f50f70cbe3c051e33152c1f36a6cde5e07,Merge pull request #360 from cclauss/patch-1  Fix typos: Relevant arguments,"['e3c36833f555c762f4ceec245a33f645f36b93a9', 'b4d070a00fdc9916461c1608f281cccd025e69f0']",Yes,[]
603f030d3a9f6bd3bb37f1f3fa1e6eb948394edb,python -m memory_profiler pytest --fixtures .,['2540e2a21a778c66f7e8a516df06ab2b15beccaa'],No,['.github/workflows/lint_python.yml']
9e99b531116e2ccf19c1ca3f308022922ae2024e,Merge pull request #362 from cclauss/patch-2  Delete .travis.yml,"['32b695f50f70cbe3c051e33152c1f36a6cde5e07', 'cea5804b767248c4df4fb1a31053e06cbc74a8d3']",Yes,[]
eed3447369e5b0cd708de045b757e0bac853a83b,Merge pull request #361 from cclauss/patch-1  GitHub Action to lint Python code,"['9e99b531116e2ccf19c1ca3f308022922ae2024e', '6fa503c0a0a9096fe07bedcc5ea55b6b28d2cb6d']",Yes,[]
7c0f1f14057ea8c80ec90ca1bb6b83c2984b8ffd,"from types import coroutine  `coroutine` is no longer available via the `asyncio` module as of Python 3.11.  ```python-traceback $ venv311/bin/python -c 'import memory_profiler' Traceback (most recent call last):   File ""<string>"", line 1, in <module>   File ""/home/altendky//venv311/lib/python3.11/site-packages/memory_profiler.py"", line 10, in <module>     from asyncio import coroutine, iscoroutinefunction ImportError: cannot import name 'coroutine' from 'asyncio' (/home/altendky/.pyenv/versions/3.11.0rc2/lib/python3.11/asyncio/__init__.py) ```",['eed3447369e5b0cd708de045b757e0bac853a83b'],No,['memory_profiler.py']
8b1e7c98b671921926aa9863d86d7c0ff39d5677,Merge pull request #369 from altendky/patch-2  configure codespell to ignore .git,"['eed3447369e5b0cd708de045b757e0bac853a83b', 'afbcd378ec6300b51b5a99b7e1c59de5874b8067']",Yes,[]
4b81aee7064ba4943f0f076bc893956722d2c21b,Merge pull request #368 from altendky/patch-1  from types import coroutine,"['8b1e7c98b671921926aa9863d86d7c0ff39d5677', '7c0f1f14057ea8c80ec90ca1bb6b83c2984b8ffd']",Yes,[]
dd9ed705449638f41bcada72c3900ef16683509e,Merge pull request #370 from altendky/patch-3  test python 3.7 through 3.11,"['4b81aee7064ba4943f0f076bc893956722d2c21b', '16e9342a57b2338118333bea7e748f5de16f74cd']",Yes,[]
940aa76f5da8b7cba5938f17990da054e013de0a,Fix deprecated syntax,['57b643a84e1b7f1edaf10430230bdd0ee753080c'],No,['test/test_exit_code.py']
e079d3fa351889087f55edb68769b67682ceacf3,Fix deprecated syntax (#381),"['57b643a84e1b7f1edaf10430230bdd0ee753080c', '940aa76f5da8b7cba5938f17990da054e013de0a']",Yes,[]
9b26810c956ed176bc1b6bbfa23ce838dd0d0a4d,Update README.rst  Update the definition of *Occurrences* as provided in https://github.com/pythonprofilers/memory_profiler/issues/352#issuecomment-1644197537,['e079d3fa351889087f55edb68769b67682ceacf3'],No,['README.rst']
3ae050f6cabfb99444546239029638580dbe9857,"Update README.rst (#394)  Update the definition of *Occurrences* as provided in https://github.com/pythonprofilers/memory_profiler/issues/352#issuecomment-1644197537","['e079d3fa351889087f55edb68769b67682ceacf3', '1de5cd0ed48218b969404ae386af4be0f5bc8b31']",Yes,[]
